﻿<?xml version="1.0" encoding="UTF-8"?>
<modification>
	<name>Auto Fill URL</name>
    <version>0.1</version>	
    <code>Auto Fill URL</code>
    <author>??? port by Otvet</author>
	
	<file path="admin/controller/catalog/{product,category,manufacturer,information}.php">
		<operation error="skip">
			<search><![CDATA[function getForm()]]></search>
			<add position="after"><![CDATA[
			$this->document->addScript('view/javascript/url_autofill.js');
			$data['translite_language'] = $this->config->get('config_language_id');
			]]></add>
		</operation>
	</file>
	<file path="admin/view/template/catalog/{product_form,category_form,manufacturer_form,information_form}.tpl">
		<operation error="skip">
			<search><![CDATA[<?php echo $footer; ?>]]></search>
			<add position="before"><![CDATA[
			<script> var language_id = <?php echo $translite_language; ?></script>
			]]></add>
		</operation>
	</file>
</modification>